<?xml version="1.0" encoding="UTF-8"?>


<!DOCTYPE hibernate-mapping PUBLIC

"-//Hibernate/Hibernate Mapping DTD 3.0//EN"

"http://hibernate.sourceforge.net/hibernate-mapping-3.0.dtd">



<hibernate-mapping>



	<class name="com.cms.deloitte.model.Customer" table="hr.Customer420">

	

		<id name="customerId" type="int" column="custId">

			<generator class="assigned"/>

		</id>



		<property name="customerName" column="custName" />
		<property name="customerAddress" column="custAddress" />
		<property name="billAmount" column="billAmount" />

	



	</class>

</hibernate-mapping>