<?xml version="1.0" encoding="UTF-8"?>


<!DOCTYPE hibernate-mapping PUBLIC

"-//Hibernate/Hibernate Mapping DTD 3.0//EN"

"http://hibernate.sourceforge.net/hibernate-mapping-3.0.dtd">



<hibernate-mapping>



	<class name="com.model.Product" table="hr.Product500">

	

		<id name="id" type="int" column="proId">

			<generator class="assigned"/>

		</id>



		<property name="Name" column="proName" />
		<property name="qoh" column="qoh" />
		<property name="price" column="price" />

	



	</class>

</hibernate-mapping>