<?xml version="1.0"?>
<!DOCTYPE hibernate-mapping PUBLIC
"-//Hibernate/Hibernate Mapping DTD 3.0//EN"
"http://hibernate.sourceforge.net/hibernate-mapping-3.0.dtd">

<hibernate-mapping>
	<class name="manytomany.EmployeeDetails" table="hr.DelEmployee">

		<id name="employeeId" column="EmpId" />
		<property name="employeeName" column="EmpName" length="10" />
<property name="employeeSalary" column="EmpSalary" length="10" />
	
</class>
<class name="manytomany.AddressDetails" table="hr.DelAddress">
		<id name="addressId" column="AId"/>
		<property name="cityName" column="CityName" length="10"></property>
	<property name="stateName" column="StateName" length="10"></property>

	</class>
</hibernate-mapping>